modelo,auc_treino,auc_cv,auc_teste,diferenca
random_forest,0.9038749391239579,0.8060302495669601,0.7936230555475979,0.11025188357635995
catboost,0.8934063487743623,0.805870525309719,0.7943678918268542,0.09903845694750812
logistica,0.8254979302145701,0.8001533690678323,0.787062766780302,0.038435163434268116
adaboost,0.850950084032811,0.7991988129140544,0.7951366010637788,0.05581348296903221
gradient_boosting,0.9113486669340438,0.7964454841563543,0.7912023376400148,0.12014632929402902
mlp,0.8282540631773952,0.7933702713084382,0.7899752676158555,0.03827879556153979
xgboost,0.9355519666542527,0.7915240868512123,0.8002167664556297,0.135335200198623
lightgbm,0.9731217353730388,0.7782773965781566,0.7856685860524631,0.18745314932057566
arvore_decisao,0.8475723589346932,0.7743129110630375,0.765242883471319,0.08232947546337421
hist_gradient_boosting,0.9960764794071867,0.7679974954184358,0.7872537504416497,0.208822728965537
svm,0.8323429040020626,0.7564730821046632,0.7372446787177358,0.09509822528432677
referência: recência,,,0.7348955796831581,
