,media_fica,media_sai,razao_sai_fica,importancia
pctLivesPresente,0.25502172755831354,0.09540006360764194,0.37408602208542274,0.09242972667667605
livesPerdidas,3.8085676037483265,8.621921776919363,2.2638226950294427,0.08895804268713672
recencia,7.1539491298527444,13.79333655239015,1.928073054759626,0.07312313868699348
diasAtivosD7,1.6693440428380188,0.4896185417672622,0.29329996046523243,0.05620165783901066
diasAtivosD14,2.7617135207496655,0.8087880251086431,0.29285732174316836,0.05554704612780753
razaoAtraso,5.818018570912093,14.96723080125942,2.5725649753147835,0.054270321601033414
diasAtivosD28,4.970548862115127,1.8623853211009174,0.37468403847626863,0.05342920042751309
diasAtivosD56,7.803212851405623,2.619024625784645,0.33563413886792415,0.0441876048835834
freqVida,20.74966532797858,4.834379526798648,0.23298590364636065,0.037120179872075554
stdIntervalo,109.15431626855438,258.29749789836393,2.366351663665501,0.031884905357290286
qtdDiasSemanaD56,3.4069611780455156,1.974891356832448,0.5796635927519994,0.029711325779077424
audienciaMedia,131.84554178383442,147.56770079481686,1.119246800447447,0.028501986363739934
diasDesdePrimeira,93.17536813922356,56.99517141477547,0.6116978398154834,0.028475612317181504
percentilPontos,0.5722412202277551,0.38732898303361857,0.6768631292926774,0.027808698122296253
avgIntervalo,88.66337731081019,260.27899053261956,2.93558624120768,0.027227679069894227
saldoPontos,994.6840696117805,344.8512795750845,0.34669428224549526,0.026278383591244382
zScorePontos,0.03445212133258724,-0.29463339493311363,-8.551966716035817,0.023975317098466564
pontosGanhosD28,394.3748326639893,185.80395943988412,0.47113543778842165,0.022963638513350006
qtdTransacoesD28,35.17670682730924,7.841622404635442,0.2229208789535592,0.022036962245167366
cvIntervalo,2.2059307764146934,3.8639454190626012,1.751616805193989,0.020989082526642805
saldoPontosD28,236.34270414993307,166.2964751327861,0.7036243227008587,0.016846553213754733
qtdTarde,27.325301204819276,5.75374215354901,0.21056463789443028,0.016322614658541092
horasPorDiaD28,0.9854117920449126,0.471394576211177,0.4783731836950577,0.01618919194534559
maxIntervalo,123.33467202141901,309.9811685176243,2.513333545523932,0.015863093270041668
share_presenca,0.40926448659091635,0.49120919859696094,1.2002243407157707,0.009838192196117907
transacoesPorDiaD28,5.2405289701995095,3.442442576579964,0.6568883782831008,0.009002226864321545
share_chat,0.548274793111415,0.4426015580515048,0.8072622772602345,0.008693828158267908
diasAtivosD28Anterior,2.8326639892904955,0.7566393046837276,0.26711226871396243,0.007975905420056164
deltaDiasD28,2.137884872824632,1.1057460164171897,0.5172149494449848,0.007788700204755948
qtdManha,3.8634538152610443,0.8450024142926122,0.21871684112147655,0.004440250513088496
flFezCurso_na,0.5274431057563588,0.48623853211009177,0.9218786382899455,0.004018816331096243
flNovatoRisco,0.18072289156626506,0.3718010622887494,2.0572992113310797,0.0038437247252013597
qtdRetornos,0.4109772423025435,0.27764365041042977,0.6755694034416646,0.003842135422890381
tendencia_estável,0.32663989290495316,0.6368903911154031,1.9498242711606808,0.0033517690264178094
qtdRedes,0.7737617135207496,0.6706904876871077,0.8667920316648261,0.0032244763163480944
qtdProdutosDistintos,2.0495314591700136,1.5253500724287783,0.7442433077101877,0.0027129012396011933
qtdNoite,2.8674698795180724,0.8252052148720425,0.28778165056461985,0.0024917654226088333
periodoDominante_tarde,0.8192771084337349,0.7411878319652342,0.9046851478399183,0.0019604195999567433
produtoDominante_chat,0.6586345381526104,0.5422501207146306,0.8232943905972137,0.0018885239672710415
tendencia_crescendo,0.5301204819277109,0.29550941574118783,0.5574382160572406,0.001688478527088553
produtoDominante_presenca,0.3132530120481928,0.3944954128440367,1.2593507410021172,0.0014459867457967026
share_streak,0.007898664066118853,0.0018736324440108236,0.23720877712064362,0.0012083340594818937
periodoDominante_noite,0.07630522088353414,0.09898599710284886,1.2972375409794403,0.0010523275702059433
qtdEpsD28,1.1191432396251673,1.2506035731530663,1.1174651544800724,0.0010260323266731808
diasUltimoStreak,24.910307898259706,27.57508450024143,1.1069748560662267,0.0009945400296874384
diasDesdeUltimoEp,358.96787148594376,355.94109126026075,0.9915681027019112,0.0009321780537356456
tendencia_caindo,0.14323962516733602,0.06760019314340898,0.4719377969918365,0.00088314644738768
pctMedioCompleto,0.0535936859878204,0.06951330416170289,1.2970427930167063,0.0008190010602965173
periodoDominante_manha,0.0963855421686747,0.13326895219700627,1.38266537904394,0.0007567061183548352
qtdMadrugada,1.1204819277108433,0.4176726219217769,0.3727615873065321,0.0006289623689758842
share_desconhecido,0.01990561424906191,0.05519497405645492,2.772834506177376,0.0005657588602177926
fezStreak_não fez,0.8273092369477911,0.969097054563013,1.1713843038164575,0.0005316134652630757
qtdCursosIniciados,0.23293172690763053,0.2539835828102366,1.0903777951680846,0.00041363480690617487
share_ponei,0.006006959135537297,0.002987951288561416,0.49741495174898614,0.0004116075242833292
qtdCursosFinalizados,0.10977242302543508,0.14099468855625302,1.2844272237990366,0.0003990271944360021
produtoDominante_desconhecido,0.020080321285140562,0.05794302269435055,2.8855625301786576,0.0003106072119471772
flFezCurso,0.08969210174029452,0.09802028005794303,1.092852973183335,0.00019053916496567145
pontosGastosD28,158.0321285140562,19.50748430709802,0.12343998964339029,0.000159791586599613
gastouD28_não gastou,0.9384203480589023,0.9850313858039594,1.0496696793089269,9.054099078783669e-05
share_troca,0.0017603611215030257,0.0004489863574450298,0.25505355234253174,7.17940954061197e-05
periodoDominante_madrugada,0.008032128514056224,0.02655721873491067,3.306373732496379,3.478116010189229e-06
share_outros,0.006889121725447577,0.005683699205062035,0.8250252255040206,3.153936294675577e-07
produtoDominante_ponei,0.004016064257028112,0.0028971511347175277,0.7213906325446644,0.0
produtoDominante_outros,0.004016064257028112,0.0024142926122646064,0.601158860453887,0.0
