posicao,dtRef,IdCliente,prob_churn,versao_modelo
1,2026-07-01,2558d88c-39b4-45e1-8a63-28bc1ab350f2,0.9483282645340773,1
2,2026-07-01,1dc954ac-46ab-4aab-99d9-d374a6c5d2e6,0.9476094093893884,1
3,2026-07-01,bd91649f-d5ca-499d-8ba4-669a6604193c,0.9358177357449506,1
4,2026-07-01,8e344345-88cf-4246-84b3-da3c2c5aa80a,0.9290637341519866,1
5,2026-07-01,c88b213c-fcb7-4232-89e9-c8187c33818b,0.9282026836723531,1
6,2026-07-01,a61f1c0f-1e9b-4b85-9681-4c0f0e700cdd,0.9252775607430169,1
7,2026-07-01,71bdfe19-533a-4685-9fac-b1926cb550d9,0.9214456545172123,1
8,2026-07-01,868d1d71-71c6-4822-947b-66fe999055f2,0.9210170110710021,1
9,2026-07-01,ba1341bd-f71d-48e5-b583-8cff036a0bae,0.9203313926307405,1
10,2026-07-01,0122142b-464c-414a-9aad-e901f492a1a3,0.918288338401353,1
11,2026-07-01,ac990489-fec6-4608-976c-ced76d5a5d61,0.9172221965182832,1
12,2026-07-01,aa0c1c12-4c89-4448-aea0-d060f2951a09,0.9169549534636556,1
13,2026-07-01,6b7f4e79-e668-439f-9501-d3d2e30577b2,0.9032141438580737,1
14,2026-07-01,1d5e5eec-8a6c-4c56-854c-b641626d45ae,0.8963504459911734,1
15,2026-07-01,e6128ff2-dd02-499e-befe-108705324555,0.8940254891453862,1
16,2026-07-01,94524c78-3e50-4cd0-a20d-89bdbeec2ebe,0.8893369958749653,1
17,2026-07-01,d245fe11-43da-4637-b558-c10135efe720,0.8888882489142248,1
18,2026-07-01,6eef9831-6e44-4c07-a9f9-80ce7a5053c1,0.8869052985426867,1
19,2026-07-01,25949210-aeb5-435b-87b1-a256613221da,0.8847560298187118,1
20,2026-07-01,8ca7f8ec-4bf0-43ad-ab09-5af92eb9326c,0.8841848813392489,1
21,2026-07-01,7b1cd516-5195-4ec2-b203-42fbf741745d,0.8835408269089919,1
22,2026-07-01,31244830-6109-44e0-aa16-82f3379fbe21,0.8824346469416261,1
23,2026-07-01,cd3eba70-6d7e-41ad-baa8-6b188c31bcf7,0.8766977278963347,1
24,2026-07-01,44fbd3e3-5e94-46d7-9177-c91491531fbe,0.8764965382995902,1
25,2026-07-01,2e725096-cfe3-4d85-be7e-bf82892086be,0.8758423330192888,1
26,2026-07-01,15c3daf4-89e7-47fb-9c93-f05923814b9b,0.874750533959393,1
27,2026-07-01,2260a492-823d-4c38-8218-d2332b830900,0.8732321074069465,1
28,2026-07-01,83cbed29-b9d1-4c4f-a9a6-3b61fca91c39,0.8730515294991015,1
29,2026-07-01,f6fead3e-d05c-4203-84eb-fa48f7f3101a,0.8723017733743935,1
30,2026-07-01,35f364db-bbf4-43a6-99e9-180be08723cf,0.8686261808078857,1
31,2026-07-01,f3d9861c-dd65-49b5-a2a4-0822b9a40469,0.8684627096243939,1
32,2026-07-01,85a7141b-048c-4a69-a7e8-3e4a318fc6e4,0.8676570370760673,1
33,2026-07-01,31730f12-22c8-43af-aa3a-7179ea2e50d8,0.8675413424341273,1
34,2026-07-01,a14274d3-9aee-4642-ad01-02430db7cc32,0.8673681530972666,1
35,2026-07-01,851dc475-8051-4bfc-8c5f-290b70f2e27c,0.8658440911669806,1
36,2026-07-01,1a666846-a041-402f-bdbe-2a386f1dc82c,0.8617066686542462,1
37,2026-07-01,081ae664-ef56-4bc0-9166-40f1447a32bd,0.8593066209412974,1
38,2026-07-01,14d5f91d-a339-4ed9-8211-6856d8ff5b06,0.8582137361966353,1
39,2026-07-01,a68322f5-d0fb-47ec-9386-c2baf4c977da,0.8543979703881212,1
40,2026-07-01,106fdaad-50ef-40aa-bd72-d5ba62153050,0.8529252905919531,1
41,2026-07-01,032bb85d-53fa-4071-a384-c256700dc8f7,0.8497191739101975,1
42,2026-07-01,d6698b3c-b2fb-40f3-b934-8ae53123ab95,0.8451859860843303,1
43,2026-07-01,f65fd9aa-2388-4f44-adda-d9fec0e83e7d,0.843688314559387,1
44,2026-07-01,384608d9-ec36-4c67-9bed-64782e72bf4c,0.841158452490548,1
45,2026-07-01,e58e35dd-aa78-412a-904a-95f1413a9df5,0.8399433436287895,1
46,2026-07-01,e5a5ebf3-763a-4014-8af2-9ab32c865065,0.8376923548305287,1
47,2026-07-01,0be29eea-242f-431e-a456-656c0a431409,0.8311808141315378,1
48,2026-07-01,c0f42903-bdeb-40b6-8af1-a260c0f6f047,0.829619668354364,1
49,2026-07-01,e49133a6-6167-4da2-afbd-b56a7226addf,0.8268348250987726,1
50,2026-07-01,809ed01f-f561-48b1-b616-793aea23a02c,0.8263645928994314,1
