,IdCliente,dtRef,prob_churn
1,57006641-55ea-472b-8f43-e31179860c95,2026-06-01,0.9455808149703138
2,56d909b7-bad9-46f3-8b9f-8ef13619e925,2026-06-01,0.9432701059675996
3,d67e9bfb-6ec6-443c-93f0-9632e095b6ea,2026-06-01,0.9423503880857649
4,bc027356-4343-40d0-934f-b8697a6e848e,2026-06-01,0.94086041189127
5,c0cc5117-649c-4e00-ae18-e160cc9040e0,2026-06-01,0.9249800052484304
6,a1db280b-8560-4f65-8fb0-77df5cb7edc1,2026-06-01,0.9238943104983706
7,fd663d42-5d89-446c-85dd-fbdc021765a7,2026-06-01,0.9210404515470761
8,ee66216e-5ab0-4af2-baf3-500597421388,2026-06-01,0.9141768397198734
9,dc0f534d-364b-427b-9959-03c93d11fb21,2026-06-01,0.9129847895026472
10,6fdd59b2-1102-430f-8e90-3a691f26bfa2,2026-06-01,0.9113996210674409
11,aae1a6a4-7a1f-4363-aefe-2a4dc25ed1a3,2026-06-01,0.9056713696409898
12,028d6ac0-a347-49b3-923f-8cac66926c31,2026-06-01,0.8993803052054516
13,f11f8b8e-31ca-46b4-a026-ab5e76023d28,2026-06-01,0.8970742089214532
14,c68f7dfe-655a-4561-bc72-0f1fb65dde06,2026-06-01,0.8865849196266885
15,188b3d9b-1e40-40cd-88eb-8dadb13c181e,2026-06-01,0.885418744573941
16,bd98ecd6-23b0-4f15-917d-4b39ff890aa6,2026-06-01,0.8829159025960536
17,735e2557-82cc-44e0-b534-a4de988c66b0,2026-06-01,0.8826734821610013
18,ddf0d246-6ea6-4a6a-903b-a78332f0b344,2026-06-01,0.8803105103907634
19,4fa284fb-8588-429d-8fe5-01ac867f5158,2026-06-01,0.8761666745677267
20,eba7151f-30f8-45f3-ac6e-166f8838c26d,2026-06-01,0.870774188605029
21,ca765ed2-30eb-4a5a-bb45-a5d467396e08,2026-06-01,0.8705717010654476
22,bbe410ff-5061-41f5-8440-1850589f2e01,2026-06-01,0.8695098667728268
23,99c7eff2-e238-434d-91ed-b76adf229b83,2026-06-01,0.8637037230362082
24,7b9af422-384b-4165-9664-6f8cac1c9a89,2026-06-01,0.8629824377001696
25,09aef4e8-6921-45d8-9baf-5002fca61e84,2026-06-01,0.8611863337659085
26,fa376209-b5db-4361-862a-8fdfde026704,2026-06-01,0.8596750980283729
27,05c0957e-eddb-438a-bbb7-a0bcc175e3fc,2026-06-01,0.8563984952504926
28,0e2cde64-e3a4-4632-a1b8-abf9b708166b,2026-06-01,0.8538292821598091
29,d646ff94-d663-420b-bf0f-609f817b5f81,2026-06-01,0.8537003611982974
30,513cb68f-09df-49f4-a093-a6c26f28271d,2026-06-01,0.8535045251096769
31,9419c300-6b50-4dbb-a0c9-1007ce9ac3d7,2026-06-01,0.849770562521071
32,326404cd-b3e4-4abc-8241-c4c10033dd90,2026-06-01,0.8476543597039274
33,e6c5a6c7-2fc9-4fb9-8431-3b3fb2961108,2026-06-01,0.8474471847115775
34,e0c792e5-a786-467b-99c4-3eb33e1246f9,2026-06-01,0.844090330738969
35,962106b9-7f1f-4492-8e9f-099f1cadc94e,2026-06-01,0.8434595014698653
36,7b43f84d-1383-4f77-9478-908841fcbb48,2026-06-01,0.843048811504632
37,8c78b41b-6957-412b-a21b-d91ef32c71f8,2026-06-01,0.8356994227329432
38,1a666846-a041-402f-bdbe-2a386f1dc82c,2026-06-01,0.8320767199028108
39,549cd57d-2372-46cb-8c28-8634c6e4538b,2026-06-01,0.8315945733202773
40,0dcce5eb-5c50-41b4-b289-3ae6228b478b,2026-06-01,0.8315231996963377
41,9f5cd42d-cf2a-4df0-b4cb-7a7c7264cd3a,2026-06-01,0.822441977910178
42,39569b19-1021-469a-b5f0-a93cfc9a98f1,2026-06-01,0.8201390437573466
43,119b90af-acae-4d54-ae75-9f45e246e34f,2026-06-01,0.8110202365612516
44,9c7de943-84b4-4ed1-947c-3d732fa02b7d,2026-06-01,0.8106219729505552
45,0b592dd4-6347-435a-9df0-56f8cbca8f34,2026-06-01,0.8103719524266493
46,225af5e5-9bdd-400d-9301-7c8165166ae6,2026-06-01,0.8059512353259725
47,d92138ad-7b6f-4b5b-8e0d-5041fe5b943a,2026-06-01,0.8050111198807285
48,dd3654e0-dc7b-4dcc-9f9d-8342456a3fef,2026-06-01,0.8033709868503154
49,9949536c-5854-437b-85f1-e41a72e5b935,2026-06-01,0.8024419178501477
50,9d4a300b-dcb8-40a8-a754-8cc7e4cd9be9,2026-06-01,0.7931733400263719
